R0,amplitude,gamma,mu,sigma,rho,psi,S_0,E_0,R_0,I_0
22.784254638035364,0.2599324328678317,73.05,2.3758962019495465e-9,45.66,0.43707830691816046,0.9222066907908141,0.06628119486968494,0.001116555114678026,0.9325928451705671,0.000009404845069949963
