R0,amplitude,gamma,mu,sigma,rho,psi,S_0,E_0,I_0,R_0,LogLik
100,0.5,73.05,0.5,45.66,0.5,0.5,0.1,0.00005,0.00005,0.8999,-8067.133619
